{
  "version": "0.3.3",
  "flags": {},
  "shapes": [
    {
      "label": "bird",
      "text": "",
      "points": [
        [
          21.478723404255334,
          45.79787234042554
        ],
        [
          187.7978723404255,
          205.08510638297872
        ]
      ],
      "group_id": null,
      "shape_type": "rectangle",
      "flags": {}
    }
  ],
  "imagePath": "bird_ (2).jpg",
  "imageData": null,
  "imageHeight": 224,
  "imageWidth": 224,
  "text": ""
}