{
  "version": "0.3.3",
  "flags": {},
  "shapes": [
    {
      "label": "drone",
      "text": "",
      "points": [
        [
          13.86170212765957,
          40.19148936170213
        ],
        [
          210.1382978723404,
          148.96808510638297
        ]
      ],
      "group_id": null,
      "shape_type": "rectangle",
      "flags": {}
    }
  ],
  "imagePath": "..\\images\\drone_ (44).jpg",
  "imageData": null,
  "imageHeight": 224,
  "imageWidth": 224
}