{
  "version": "0.3.3",
  "flags": {},
  "shapes": [
    {
      "label": "drone",
      "text": "",
      "points": [
        [
          79.8191489361702,
          89.3936170212766
        ],
        [
          134.3404255319149,
          130.61702127659572
        ]
      ],
      "group_id": null,
      "shape_type": "rectangle",
      "flags": {}
    }
  ],
  "imagePath": "..\\images\\drone_ (9).jpg",
  "imageData": null,
  "imageHeight": 224,
  "imageWidth": 224
}