{
  "version": "0.3.3",
  "flags": {},
  "shapes": [
    {
      "label": "drone",
      "text": "",
      "points": [
        [
          4.819148936170208,
          43.38297872340426
        ],
        [
          222.90425531914894,
          179.28723404255317
        ]
      ],
      "group_id": null,
      "shape_type": "rectangle",
      "flags": {}
    }
  ],
  "imagePath": "..\\images\\drone_ (10).jpg",
  "imageData": null,
  "imageHeight": 224,
  "imageWidth": 224
}