{
  "version": "0.3.3",
  "flags": {},
  "shapes": [
    {
      "label": "drone",
      "text": "",
      "points": [
        [
          2.159574468085097,
          50.03191489361701
        ],
        [
          220.51063829787233,
          172.3723404255319
        ]
      ],
      "group_id": null,
      "shape_type": "rectangle",
      "flags": {}
    }
  ],
  "imagePath": "..\\images\\drone_ (143).jpg",
  "imageData": null,
  "imageHeight": 224,
  "imageWidth": 224
}