{
  "version": "0.3.3",
  "flags": {},
  "shapes": [
    {
      "label": "drone",
      "text": "",
      "points": [
        [
          43.64893617021275,
          44.71276595744681
        ],
        [
          192.05319148936167,
          159.8723404255319
        ]
      ],
      "group_id": null,
      "shape_type": "rectangle",
      "flags": {}
    }
  ],
  "imagePath": "..\\images\\drone_ (7).jpg",
  "imageData": null,
  "imageHeight": 224,
  "imageWidth": 224
}