{
  "version": "0.3.3",
  "flags": {},
  "shapes": [
    {
      "label": "drone",
      "text": "",
      "points": [
        [
          46.04255319148936,
          77.95744680851064
        ],
        [
          194.18085106382978,
          189.92553191489358
        ]
      ],
      "group_id": null,
      "shape_type": "rectangle",
      "flags": {}
    }
  ],
  "imagePath": "..\\images\\drone_ (24).jpg",
  "imageData": null,
  "imageHeight": 224,
  "imageWidth": 224
}