{
  "version": "0.3.3",
  "flags": {},
  "shapes": [
    {
      "label": "drone",
      "text": "",
      "points": [
        [
          4.2872340425531945,
          38.06382978723404
        ],
        [
          210.1382978723404,
          168.91489361702125
        ]
      ],
      "group_id": null,
      "shape_type": "rectangle",
      "flags": {}
    }
  ],
  "imagePath": "..\\images\\drone_ (132).jpg",
  "imageData": null,
  "imageHeight": 224,
  "imageWidth": 224
}