{
  "version": "0.3.3",
  "flags": {},
  "shapes": [
    {
      "label": "drone",
      "text": "",
      "points": [
        [
          54.287234042553195,
          64.3936170212766
        ],
        [
          142.0531914893617,
          153.48936170212764
        ]
      ],
      "group_id": null,
      "shape_type": "rectangle",
      "flags": {}
    }
  ],
  "imagePath": "..\\images\\drone_ (99).jpg",
  "imageData": null,
  "imageHeight": 224,
  "imageWidth": 224
}