{
  "version": "0.3.3",
  "flags": {},
  "shapes": [
    {
      "label": "drone",
      "text": "",
      "points": [
        [
          12.2659574468085,
          24.76595744680851
        ],
        [
          221.04255319148933,
          169.44680851063828
        ]
      ],
      "group_id": null,
      "shape_type": "rectangle",
      "flags": {}
    }
  ],
  "imagePath": "..\\images\\drone_ (42).jpg",
  "imageData": null,
  "imageHeight": 224,
  "imageWidth": 224
}