{
  "version": "0.3.3",
  "flags": {},
  "shapes": [
    {
      "label": "drone",
      "text": "",
      "points": [
        [
          76.62765957446808,
          38.06382978723404
        ],
        [
          172.6382978723404,
          101.09574468085106
        ]
      ],
      "group_id": null,
      "shape_type": "rectangle",
      "flags": {}
    }
  ],
  "imagePath": "..\\images\\drone_ (149).jpg",
  "imageData": null,
  "imageHeight": 224,
  "imageWidth": 224
}