{
  "version": "0.3.3",
  "flags": {},
  "shapes": [
    {
      "label": "drone",
      "text": "",
      "points": [
        [
          121.04255319148936,
          52.95744680851064
        ],
        [
          188.32978723404256,
          102.42553191489361
        ]
      ],
      "group_id": null,
      "shape_type": "rectangle",
      "flags": {}
    }
  ],
  "imagePath": "..\\images\\drone_ (59).jpg",
  "imageData": null,
  "imageHeight": 224,
  "imageWidth": 224
}