{
  "version": "0.3.3",
  "flags": {},
  "shapes": [
    {
      "label": "drone",
      "text": "",
      "points": [
        [
          27.42553191489361,
          80.88297872340425
        ],
        [
          182.74468085106383,
          142.85106382978722
        ]
      ],
      "group_id": null,
      "shape_type": "rectangle",
      "flags": {}
    }
  ],
  "imagePath": "..\\images\\drone_ (148).jpg",
  "imageData": null,
  "imageHeight": 224,
  "imageWidth": 224
}