{
  "version": "0.3.3",
  "flags": {},
  "shapes": [
    {
      "label": "drone",
      "text": "",
      "points": [
        [
          9.340425531914889,
          60.670212765957444
        ],
        [
          210.93617021276594,
          176.09574468085106
        ]
      ],
      "group_id": null,
      "shape_type": "rectangle",
      "flags": {}
    }
  ],
  "imagePath": "..\\images\\drone_ (128).jpg",
  "imageData": null,
  "imageHeight": 224,
  "imageWidth": 224
}