{
  "version": "0.3.3",
  "flags": {},
  "shapes": [
    {
      "label": "drone",
      "text": "",
      "points": [
        [
          42.053191489361694,
          33.276595744680854
        ],
        [
          200.031914893617,
          183.80851063829786
        ]
      ],
      "group_id": null,
      "shape_type": "rectangle",
      "flags": {}
    }
  ],
  "imagePath": "..\\images\\drone_ (62).jpg",
  "imageData": null,
  "imageHeight": 224,
  "imageWidth": 224
}