{
  "version": "0.3.3",
  "flags": {},
  "shapes": [
    {
      "label": "drone",
      "text": "",
      "points": [
        [
          19.202127659574472,
          93.7340425531915
        ],
        [
          212.531914893617,
          138.86170212765956
        ]
      ],
      "group_id": null,
      "shape_type": "rectangle",
      "flags": {}
    }
  ],
  "imagePath": "..\\images\\drone_ (55).jpg",
  "imageData": null,
  "imageHeight": 224,
  "imageWidth": 224
}