{
  "version": "0.3.3",
  "flags": {},
  "shapes": [
    {
      "label": "drone",
      "text": "",
      "points": [
        [
          7.4787234042553195,
          45.51063829787234
        ],
        [
          212.531914893617,
          156.68085106382978
        ]
      ],
      "group_id": null,
      "shape_type": "rectangle",
      "flags": {}
    }
  ],
  "imagePath": "..\\images\\drone_ (31).jpg",
  "imageData": null,
  "imageHeight": 224,
  "imageWidth": 224
}