{
  "version": "0.3.3",
  "flags": {},
  "shapes": [
    {
      "label": "drone",
      "text": "",
      "points": [
        [
          27.531914893617028,
          60.12765957446808
        ],
        [
          160.67021276595744,
          147.90425531914892
        ]
      ],
      "group_id": null,
      "shape_type": "rectangle",
      "flags": {}
    }
  ],
  "imagePath": "..\\images\\drone_ (91).jpg",
  "imageData": null,
  "imageHeight": 224,
  "imageWidth": 224
}