{
  "version": "0.3.3",
  "flags": {},
  "shapes": [
    {
      "label": "drone",
      "text": "",
      "points": [
        [
          46.84042553191489,
          45.51063829787234
        ],
        [
          176.8936170212766,
          139.9255319148936
        ]
      ],
      "group_id": null,
      "shape_type": "rectangle",
      "flags": {}
    }
  ],
  "imagePath": "..\\images\\drone_ (146).jpg",
  "imageData": null,
  "imageHeight": 224,
  "imageWidth": 224
}