{
  "version": "0.3.3",
  "flags": {},
  "shapes": [
    {
      "label": "drone",
      "text": "",
      "points": [
        [
          21.7340425531915,
          72.73404255319149
        ],
        [
          178.2234042553191,
          158.54255319148933
        ]
      ],
      "group_id": null,
      "shape_type": "rectangle",
      "flags": {}
    }
  ],
  "imagePath": "..\\images\\drone_ (141).jpg",
  "imageData": null,
  "imageHeight": 224,
  "imageWidth": 224
}