{
  "version": "0.3.3",
  "flags": {},
  "shapes": [
    {
      "label": "drone",
      "text": "",
      "points": [
        [
          21.574468085106375,
          74.23404255319149
        ],
        [
          69.18085106382978,
          88.86170212765957
        ]
      ],
      "group_id": null,
      "shape_type": "rectangle",
      "flags": {}
    }
  ],
  "imagePath": "..\\images\\drone_ (101).jpg",
  "imageData": null,
  "imageHeight": 224,
  "imageWidth": 224
}