{
  "version": "0.3.3",
  "flags": {},
  "shapes": [
    {
      "label": "drone",
      "text": "",
      "points": [
        [
          22.106382978723403,
          11.46808510638298
        ],
        [
          207.21276595744678,
          202.15957446808508
        ]
      ],
      "group_id": null,
      "shape_type": "rectangle",
      "flags": {}
    }
  ],
  "imagePath": "..\\images\\drone_ (144).jpg",
  "imageData": null,
  "imageHeight": 224,
  "imageWidth": 224
}