{
  "version": "0.3.3",
  "flags": {},
  "shapes": [
    {
      "label": "drone",
      "text": "",
      "points": [
        [
          24.0,
          31.0
        ],
        [
          194.0,
          105.0
        ]
      ],
      "group_id": null,
      "shape_type": "rectangle",
      "flags": {}
    },
    {
      "label": "person",
      "text": "",
      "points": [
        [
          12.0,
          127.0
        ],
        [
          28.0,
          171.0
        ]
      ],
      "group_id": null,
      "shape_type": "rectangle",
      "flags": {}
    },
    {
      "label": "person",
      "text": "",
      "points": [
        [
          92.0,
          124.0
        ],
        [
          107.0,
          164.0
        ]
      ],
      "group_id": null,
      "shape_type": "rectangle",
      "flags": {}
    },
    {
      "label": "person",
      "text": "",
      "points": [
        [
          142.0,
          120.0
        ],
        [
          152.0,
          155.0
        ]
      ],
      "group_id": null,
      "shape_type": "rectangle",
      "flags": {}
    },
    {
      "label": "person",
      "text": "",
      "points": [
        [
          69.0,
          125.0
        ],
        [
          82.0,
          167.0
        ]
      ],
      "group_id": null,
      "shape_type": "rectangle",
      "flags": {}
    },
    {
      "label": "person",
      "text": "",
      "points": [
        [
          44.0,
          124.0
        ],
        [
          57.0,
          169.0
        ]
      ],
      "group_id": null,
      "shape_type": "rectangle",
      "flags": {}
    }
  ],
  "imagePath": "..\\images\\drone_ (29).jpg",
  "imageData": null,
  "imageHeight": 224,
  "imageWidth": 224
}