{
  "version": "0.3.3",
  "flags": {},
  "shapes": [
    {
      "label": "drone",
      "text": "",
      "points": [
        [
          66.7872340425532,
          80.08510638297872
        ],
        [
          105.08510638297872,
          98.96808510638297
        ]
      ],
      "group_id": null,
      "shape_type": "rectangle",
      "flags": {}
    }
  ],
  "imagePath": "..\\images\\drone_ (102).jpg",
  "imageData": null,
  "imageHeight": 224,
  "imageWidth": 224
}