{
  "version": "0.3.3",
  "flags": {},
  "shapes": [
    {
      "label": "drone",
      "text": "",
      "points": [
        [
          17.53191489361697,
          65.46808510638296
        ],
        [
          216.53191489361697,
          144.4680851063829
        ]
      ],
      "group_id": null,
      "shape_type": "rectangle",
      "flags": {}
    }
  ],
  "imagePath": "..\\images\\drone_ (43).jpg",
  "imageData": null,
  "imageHeight": 224,
  "imageWidth": 224
}