{
  "version": "0.3.3",
  "flags": {},
  "shapes": [
    {
      "label": "airplane",
      "text": "",
      "points": [
        [
          87.2659574468085,
          36.46808510638298
        ],
        [
          206.41489361702128,
          97.1063829787234
        ]
      ],
      "group_id": null,
      "shape_type": "rectangle",
      "flags": {}
    }
  ],
  "imagePath": "..\\images\\drone_ (3).jpg",
  "imageData": null,
  "imageHeight": 224,
  "imageWidth": 224
}