{
  "version": "0.3.3",
  "flags": {},
  "shapes": [
    {
      "label": "drone",
      "text": "",
      "points": [
        [
          -0.2659574468085282,
          38.20212765957446
        ],
        [
          221.5744680851064,
          198.43617021276594
        ]
      ],
      "group_id": null,
      "shape_type": "rectangle",
      "flags": {}
    }
  ],
  "imagePath": "..\\images\\drone_ (138).jpg",
  "imageData": null,
  "imageHeight": 224,
  "imageWidth": 224
}