{
  "version": "0.3.3",
  "flags": {},
  "shapes": [
    {
      "label": "drone",
      "text": "",
      "points": [
        [
          71.57446808510639,
          77.69148936170212
        ],
        [
          167.58510638297872,
          138.86170212765956
        ]
      ],
      "group_id": null,
      "shape_type": "rectangle",
      "flags": {}
    }
  ],
  "imagePath": "..\\images\\drone_ (97).jpg",
  "imageData": null,
  "imageHeight": 224,
  "imageWidth": 224
}