{
  "version": "0.3.3",
  "flags": {},
  "shapes": [
    {
      "label": "drone",
      "text": "",
      "points": [
        [
          57.212765957446805,
          96.57446808510637
        ],
        [
          148.17021276595744,
          122.1063829787234
        ]
      ],
      "group_id": null,
      "shape_type": "rectangle",
      "flags": {}
    }
  ],
  "imagePath": "..\\images\\drone_ (30).jpg",
  "imageData": null,
  "imageHeight": 224,
  "imageWidth": 224
}