{
  "version": "0.3.3",
  "flags": {},
  "shapes": [
    {
      "label": "drone",
      "text": "",
      "points": [
        [
          33.01063829787233,
          45.51063829787234
        ],
        [
          178.48936170212767,
          155.35106382978722
        ]
      ],
      "group_id": null,
      "shape_type": "rectangle",
      "flags": {}
    }
  ],
  "imagePath": "..\\images\\drone_ (22).jpg",
  "imageData": null,
  "imageHeight": 224,
  "imageWidth": 224
}