{
  "version": "0.3.3",
  "flags": {},
  "shapes": [
    {
      "label": "drone",
      "text": "",
      "points": [
        [
          19.712765957446805,
          76.09574468085106
        ],
        [
          200.2978723404255,
          159.34042553191486
        ]
      ],
      "group_id": null,
      "shape_type": "rectangle",
      "flags": {}
    }
  ],
  "imagePath": "..\\images\\drone_ (25).jpg",
  "imageData": null,
  "imageHeight": 224,
  "imageWidth": 224
}