{
  "version": "0.3.3",
  "flags": {},
  "shapes": [
    {
      "label": "drone",
      "text": "",
      "points": [
        [
          64.65957446808511,
          77.95744680851064
        ],
        [
          103.48936170212764,
          94.44680851063829
        ]
      ],
      "group_id": null,
      "shape_type": "rectangle",
      "flags": {}
    }
  ],
  "imagePath": "..\\images\\drone_ (103).jpg",
  "imageData": null,
  "imageHeight": 224,
  "imageWidth": 224
}