{
  "version": "0.3.3",
  "flags": {},
  "shapes": [
    {
      "label": "drone",
      "text": "",
      "points": [
        [
          0.3829787234042499,
          31.202127659574458
        ],
        [
          194.18085106382978,
          183.0106382978723
        ]
      ],
      "group_id": null,
      "shape_type": "rectangle",
      "flags": {}
    }
  ],
  "imagePath": "..\\images\\drone_ (74).jpg",
  "imageData": null,
  "imageHeight": 224,
  "imageWidth": 224
}