{
  "version": "0.3.3",
  "flags": {},
  "shapes": [
    {
      "label": "drone",
      "text": "",
      "points": [
        [
          41.787234042553195,
          76.36170212765957
        ],
        [
          118.91489361702128,
          130.88297872340425
        ]
      ],
      "group_id": null,
      "shape_type": "rectangle",
      "flags": {}
    }
  ],
  "imagePath": "..\\images\\drone_ (32).jpg",
  "imageData": null,
  "imageHeight": 224,
  "imageWidth": 224
}