{
  "version": "0.3.3",
  "flags": {},
  "shapes": [
    {
      "label": "drone",
      "text": "",
      "points": [
        [
          14.80851063829789,
          43.79787234042553
        ],
        [
          207.8085106382979,
          183.79787234042558
        ]
      ],
      "group_id": null,
      "shape_type": "rectangle",
      "flags": {}
    }
  ],
  "imagePath": "..\\images\\drone_ (54).jpg",
  "imageData": null,
  "imageHeight": 224,
  "imageWidth": 224
}