{
  "version": "0.3.3",
  "flags": {},
  "shapes": [
    {
      "label": "drone",
      "text": "",
      "points": [
        [
          84.34042553191489,
          66.7872340425532
        ],
        [
          196.5744680851064,
          139.9255319148936
        ]
      ],
      "group_id": null,
      "shape_type": "rectangle",
      "flags": {}
    }
  ],
  "imagePath": "..\\images\\drone_ (35).jpg",
  "imageData": null,
  "imageHeight": 224,
  "imageWidth": 224
}