{
  "version": "0.3.3",
  "flags": {},
  "shapes": [
    {
      "label": "drone",
      "text": "",
      "points": [
        [
          76.67021276595744,
          57.53191489361703
        ],
        [
          139.9255319148936,
          94.7127659574468
        ]
      ],
      "group_id": null,
      "shape_type": "rectangle",
      "flags": {}
    }
  ],
  "imagePath": "..\\images\\drone_ (150).jpg",
  "imageData": null,
  "imageHeight": 224,
  "imageWidth": 224
}