{
  "version": "0.3.3",
  "flags": {},
  "shapes": [
    {
      "label": "bird",
      "text": "",
      "points": [
        [
          23.968085106382972,
          6.946808510638299
        ],
        [
          204.55319148936167,
          217.85106382978722
        ]
      ],
      "group_id": null,
      "shape_type": "rectangle",
      "flags": {}
    }
  ],
  "imagePath": "bird_ (36).jpg",
  "imageData": null,
  "imageHeight": 224,
  "imageWidth": 224,
  "text": ""
}