{
  "version": "0.3.3",
  "flags": {},
  "shapes": [
    {
      "label": "drone",
      "text": "",
      "points": [
        [
          8.010638297872333,
          57.212765957446805
        ],
        [
          207.21276595744678,
          162.7978723404255
        ]
      ],
      "group_id": null,
      "shape_type": "rectangle",
      "flags": {}
    }
  ],
  "imagePath": "drone_ (2).jpg",
  "imageData": null,
  "imageHeight": 224,
  "imageWidth": 224,
  "text": ""
}